9	117623285	G	A	0.17993904	Joslin et al., 2021	Fine-mapping	SGBS
9	15662039	G	A	0.664037851	Joslin et al., 2021	Fine-mapping	SGBS
7	75494283	A	C	0.003604629	Joslin et al., 2021	Fine-mapping	SGBS
10	103064630	A	G	0.024735721	Joslin et al., 2021	Fine-mapping	SGBS
16	19908624	T	C	0.025856363	Joslin et al., 2021	Fine-mapping	SGBS
18	23514243	C	T	0.097163169	Joslin et al., 2021	Fine-mapping	SGBS
19	45690093	G	A	0.0184089	Joslin et al., 2021	Fine-mapping	SGBS
9	117642600	T	C	0.061724191	Joslin et al., 2021	Fine-mapping	SGBS
16	28859641	A	G	8.28e-07	Joslin et al., 2021	Fine-mapping	SGBS
18	23566121	C	T	0.486818096	Joslin et al., 2021	Fine-mapping	SGBS
3	25080710	C	A	5.79e-05	Joslin et al., 2021	Fine-mapping	SGBS
19	18356588	C	A	0.000316382	Joslin et al., 2021	Fine-mapping	SGBS
6	162583989	A	G	0.006848529	Joslin et al., 2021	Fine-mapping	SGBS
6	162584010	G	A	9.45e-09	Joslin et al., 2021	Fine-mapping	SGBS
3	141515738	G	A	0.137085136	Joslin et al., 2021	Fine-mapping	SGBS
6	162583970	C	T	0.012663705	Joslin et al., 2021	Fine-mapping	SGBS
16	49045781	C	G	0.617821557	Joslin et al., 2021	Fine-mapping	SGBS
9	15662789	C	A	0.001263183	Joslin et al., 2021	Fine-mapping	SGBS
16	28338081	G	A	7.87e-05	Joslin et al., 2021	Fine-mapping	SGBS
7	76950069	A	G	0.501252519	Joslin et al., 2021	Fine-mapping	SGBS
14	29251924	T	A	0.0184089	Joslin et al., 2021	Fine-mapping	SGBS
2	24938517	T	C	0.006381153	Joslin et al., 2021	Fine-mapping	SGBS
16	28853352	C	T	0.00065963	Joslin et al., 2021	Fine-mapping	SGBS
20	52474294	C	T	8.28e-07	Joslin et al., 2021	Fine-mapping	SGBS
20	52474288	T	C	4.97e-05	Joslin et al., 2021	Fine-mapping	SGBS
20	52474342	G	A	7.74e-06	Joslin et al., 2021	Fine-mapping	SGBS
20	52478616	C	G	0.000600132	Joslin et al., 2021	Fine-mapping	SGBS
16	53788325	G	A	0.335625848	Joslin et al., 2021	Fine-mapping	SGBS
16	53788327	G	A	0.011073224	Joslin et al., 2021	Fine-mapping	SGBS
16	28912200	C	T	0.044436989	Joslin et al., 2021	Fine-mapping	SGBS
11	43846493	G	A	0.300443561	Joslin et al., 2021	Fine-mapping	SGBS
5	75714177	C	T	1.94e-08	Joslin et al., 2021	Fine-mapping	SGBS
16	28908020	A	G	3.51e-06	Joslin et al., 2021	Fine-mapping	SGBS
11	27685939	A	C	0.020267219	Joslin et al., 2021	Fine-mapping	SGBS
7	75518475	C	T	0.014032375	Joslin et al., 2021	Fine-mapping	SGBS
16	53786901	G	A	0.460375368	Joslin et al., 2021	Fine-mapping	SGBS
16	28850413	C	A	2.94e-06	Joslin et al., 2021	Fine-mapping	SGBS
